{
  "scenarios": [
    {
      "name": "1_register_fake_data",
      "before": {
        "mean": 549.4951219512196,
        "std": 32.121090822227
      },
      "after": {
        "mean": 789.5047619047621,
        "std": 80.57875091314347
      }
    },
    {
      "name": "2_register_and_create_transaction",
      "before": {
        "mean": 8.573809523809524,
        "std": 0.5856243380128071
      },
      "after": {
        "mean": 12.321951219512195,
        "std": 2.417903244044512
      }
    },
    {
      "name": "3_login",
      "before": {
        "mean": 536.4341463414634,
        "std": 16.878501262791332
      },
      "after": {
        "mean": 616.0414634146341,
        "std": 47.79269282855777
      }
    },
    {
      "name": "4_login_and_get_transactions",
      "before": {
        "mean": 22.814634146341465,
        "std": 0.5646064893400342
      },
      "after": {
        "mean": 28.24634146341463,
        "std": 0.9208956403891839
      }
    }
  ]
}
